filename,category,product_name
antinori-tignanello-2015-75cl.png,red_wine,"Antinori Tignanello 2015 75cl"
biondi-santi-rosso-di-montalcino-2021-75cl.png,red_wine,"Biondi Santi Rosso Di Montalcino 2021 75cl"
boekenhoutskloof-cabernet-sauvignon-2021-75cl.png,red_wine,"Boekenhoutskloof Cabernet Sauvignon 2021 75cl"
boekenhoutskloof-syrah-2019-75cl.png,red_wine,"Boekenhoutskloof Syrah 2019 75cl"
break-the-glass-red-2024-75cl.png,red_wine,"Break The Glass Red 2024 75cl"
ca-dei-frati-amarone-della-valpolicella-pietro-dal-cero-2018-75cl.png,red_wine,"Ca Dei Frati Amarone Della Valpolicella Pietro Dal Cero 2018 75cl"
ca-dei-frati-ronchedone-2021-75cl.png,red_wine,"Ca Dei Frati Ronchedone 2021 75cl"
ca-del-bosco-corte-de-lupo-rosso-2024-75cl.png,red_wine,"Ca Del Bosco Corte De Lupo Rosso 2024 75cl"
cantina-mesa-buio-2023-75cl.png,red_wine,"Cantina Mesa Buio 2023 75cl"
cap-maritime-pinot-noir-2022-75cl.png,red_wine,"Cap Maritime Pinot Noir  2022 75cl"
chateau-cantemerle-haut-medoc-2020-75cl.png,red_wine,"Chateau Cantemerle Haut Medoc 2020 75cl"
chateau-lafon-rochet-saint-estephe-2020-75cl.png,red_wine,"Chateau Lafon Rochet Saint Estephe 2020 75cl"
domenico-clerico-barolo-2019.png,red_wine,"Domenico Clerico Barolo 2019"
ekho-red-2023-75cl.png,red_wine,"Ekho Red 2023 75cl"
feudi-di-san-gregorio-primitivo-2024-75cl.png,red_wine,"Feudi Di San Gregorio Primitivo 2024 75cl"
feudi-di-san-gregorio-taurasi-2019-75cl.png,red_wine,"Feudi Di San Gregorio Taurasi 2019 75cl"
ieropoulos-aras-2017-75cl.png,red_wine,"Ieropoulos Aras 2017 75cl"
ieropoulos-daimon-2017-75cl.png,red_wine,"Ieropoulos Daimon 2017 75cl"
invincible-red-2022-75cl.png,red_wine,"Invincible Red 2022 75cl"
invincible-red-number-1-2023-75cl.png,red_wine,"Invincible Red Number 1 2023 75cl"
invincible-red-number-2-2021-75cl.png,red_wine,"Invincible Red Number 2 2021 75cl"
isole-e-olena-cabernet-sauvignon-2023-75cl.png,red_wine,"Isole E Olena Cabernet Sauvignon 2023 75cl"
isole-e-olena-chianti-classico-2022-75cl.png,red_wine,"Isole E Olena Chianti Classico 2022 75cl"
isole-e-olena-syrah-2023-75cl.png,red_wine,"Isole E Olena Syrah 2023 75cl"
isole-e-olena-vin-santo-del-chianti-classico-2011-37-5cl.png,red_wine,"Isole E Olena Vin Santo Del Chianti Classico 2011 37.5cl"
janasse-chateuneuf-du-pape-tradition-2019-75cl.png,red_wine,"Janasse Chateuneuf Du Pape Tradition 2019 75cl"
kounakis-amorgiano-2024-75cl.png,red_wine,"Kounakis Amorgiano 2024 75cl"
lagarde-green-farming-old-vines-malbec-2023-75cl.png,red_wine,"Lagarde Green Farming Old Vines Malbec 2023 75cl"
lagarde-teia-malbec-2023-75cl.png,red_wine,"Lagarde Teia Malbec 2023 75cl"
lamole-di-lamole-duelame-chianti-classico-2022-75cl.png,red_wine,"Lamole Di Lamole Duelame Chianti Classico 2022 75cl"
lamole-di-lamole-lareale-chianti-classico-riserva-2020-75cl.png,red_wine,"Lamole Di Lamole Lareale Chianti Classico Riserva 2020 75cl"
mylonas-merlot-agiorgitiko-mandilaria-2024-75cl.png,red_wine,"Mylonas Merlot-Agiorgitiko-Mandilaria 2024 75cl"
pascal-jolivet-attitude-pinot-noir-2023.png,red_wine,"Pascal Jolivet Attitude Pinot Noir 2023"
pascal-jolivet-sancere-pinot-noir-2023-75cl.png,red_wine,"Pascal Jolivet Sancere Pinot Noir 2023 75cl"
santa-margherita-merlot-2023-75cl.png,red_wine,"Santa Margherita Merlot 2023 75cl"
the-chocolate-block-2023-75cl.png,red_wine,"The Chocolate Block 2023 75cl"
zafeirakis-limniona-terracota-2021-75cl.png,red_wine,"Zafeirakis Limniona Terracota 2021 75cl"
zafeirakis-limniona-young-vines-2021-75cl.png,red_wine,"Zafeirakis Limniona Young Vines 2021 75cl"
zuccardi-appelation-malbec-vista-flores-2022-75cl.png,red_wine,"Zuccardi Appelation Malbec Vista Flores 2022 75cl"
alexakis-moscato-spinas-2024-75cl.png,white_wine,"Alexakis Moscato Spinas 2024 75cl"
alexakis-vidiano-2024-75cl.png,white_wine,"Alexakis Vidiano 2024 75cl"
alexakis-vidiano-orange-2020-75cl.png,white_wine,"Alexakis Vidiano Orange 2020 75cl"
boekenhoutskloof-semillon-2021-75cl.png,white_wine,"Boekenhoutskloof Semillon 2021 75cl"
break-the-glass-white-2024-75cl.png,white_wine,"Break The Glass White 2024 75cl"
break-the-glass-white-2024-75cl-2.png,white_wine,"Break The Glass White 2024 75cl *"
ca-dei-frati-brolettino-lugana-2022-75cl.png,white_wine,"Ca Dei Frati Brolettino Lugana 2022 75cl *"
ca-dei-frati-brolettino-lugana-2023-75cl.png,white_wine,"Ca Dei Frati Brolettino Lugana 2023 75cl"
ca-dei-frati-lugana-2025-75cl.png,white_wine,"Ca Dei Frati Lugana 2025 75cl"
ca-dei-frati-lugana-2025-75cl-2.png,white_wine,"Ca Dei Frati Lugana 2025 75cl *"
ca-del-bosco-corte-de-lupo-bianco-2024-75cl.png,white_wine,"Ca Del Bosco Corte De Lupo Bianco 2024 75cl"
ca-del-bosco-corte-de-lupo-bianco-2024-75cl-2.png,white_wine,"Ca Del Bosco Corte De Lupo Bianco 2024 75cl *"
cantina-mesa-giunco-2024-75cl.png,white_wine,"Cantina Mesa "Giunco" 2024 75cl"
cap-maritime-chardonnay-2022-75cl.png,white_wine,"Cap Maritime Chardonnay 2022 75cl"
ekho-white-2023-75cl.png,white_wine,"Ekho White 2023 75cl"
feudi-di-san-gregorio-cutizzi-2023-75cl.png,white_wine,"Feudi Di San Gregorio Cutizzi 2023 75cl"
feudi-di-san-gregorio-falanghina-2024-75cl.png,white_wine,"Feudi Di San Gregorio Falanghina 2024 75cl"
feudi-di-san-gregorio-falanghina-2024-75cl-2.png,white_wine,"Feudi Di San Gregorio Falanghina 2024 75cl *"
feudi-di-san-gregorio-fiano-di-avellino-2024-75cl.png,white_wine,"Feudi Di San Gregorio Fiano Di Avellino 2024 75cl"
feudi-di-san-gregorio-greco-di-tufo-2024-75cl.png,white_wine,"Feudi Di San Gregorio Greco Di Tufo 2024 75cl"
feudi-di-san-gregorio-greco-di-tufo-2024-75cl-2.png,white_wine,"Feudi Di San Gregorio Greco Di Tufo 2024 75cl *"
feudi-di-san-gregorio-serrocielo-2023-75cl.png,white_wine,"Feudi Di San Gregorio Serrocielo 2023 75cl"
gialeli-morokanella-2025.png,white_wine,"Gialeli Morokanella 2025 *"
gialeli-morokanella-promara-2025.png,white_wine,"Gialeli Morokanella-Promara  2025"
gialeli-xynisteri-finesse-2025.png,white_wine,"Gialeli Xynisteri FInesse 2025"
gialeli-xynisteri-finesse-2025-2.png,white_wine,"Gialeli Xynisteri FInesse 2025 *"
grammenos-bianco-d-oro-75cl.png,white_wine,"Grammenos Bianco D'oro 75cl"
ieropoulos-chardonnay-2024-75cl.png,white_wine,"Ieropoulos Chardonnay 2024 75cl"
ieropoulos-kidonitsa-2024-75cl.png,white_wine,"Ieropoulos Kidonitsa 2024 75cl"
ieropoulos-viognier-75cl.png,white_wine,"Ieropoulos Viognier 75cl"
invincible-white-number-1-2024-75cl.png,white_wine,"Invincible White Number 1 2024 75cl"
invincible-white-number-2-2023-75cl.png,white_wine,"Invincible White Number 2 2023 75cl"
invincible-white-port-75cl.png,white_wine,"Invincible White Port 75cl"
isole-e-olena-chardonnay-2023-75cl.png,white_wine,"Isole E Olena Chardonnay 2023 75cl"
lafazanis-geometria-malagouzia-2025-75-cl.png,white_wine,"Lafazanis Geometria Malagouzia 2025 75 cl"
lafazanis-geometria-malagouzia-2025-75-cl-2.png,white_wine,"Lafazanis Geometria Malagouzia 2025 75 cl *"
lafazanis-geometria-moschofilero-75-cl.png,white_wine,"Lafazanis Geometria Moschofilero 75 cl"
lafazanis-geometria-moschofilero-75-cl-2.png,white_wine,"Lafazanis Geometria Moschofilero 75 cl *"
moropoulos-mantineia-2024-75cl.png,white_wine,"Moropoulos Mantineia 2024 75cl"
moropoulos-mantineia-late-release-2019-75cl.png,white_wine,"Moropoulos Mantineia Late Release 2019 75cl"
moropoulos-mantineia-late-release-2020-75cl.png,white_wine,"Moropoulos Mantineia Late Release 2020 75cl"
moropoulos-noemvris-moschofilero-2023-75cl.png,white_wine,"Moropoulos Noemvris Moschofilero 2023 75cl"
mylonas-assyrtiko-2023-75cl.png,white_wine,"Mylonas Assyrtiko 2023 75cl"
mylonas-malagouzia-2025-75cl.png,white_wine,"Mylonas Malagouzia 2025 75cl"
mylonas-malagouzia-2025-75cl-2.png,white_wine,"Mylonas Malagouzia 2025 75cl *"
mylonas-retsina-75cl.png,white_wine,"Mylonas Retsina 75cl"
mylonas-savatiano-2023-75cl.png,white_wine,"Mylonas Savatiano 2023 75cl"
mylonas-savatiano-cuvee-vouno-2020-75cl.png,white_wine,"Mylonas Savatiano Cuvee Vouno 2020 75cl"
mylonas-savatiano-cuvee-vouno-2020-75cl-2.png,white_wine,"Mylonas Savatiano Cuvee Vouno 2020 75cl *"
mylonas-savatiano-naked-truth-2025-75cl.png,white_wine,"Mylonas Savatiano Naked Truth 2025 75cl"
natural-mystic-vinho-verde-2024-75cl.png,white_wine,"Natural Mystic Vinho Verde 2024 75cl"
nigl-gruner-veltliner-gartling-2023-75cl.png,white_wine,"Nigl Gruner Veltliner Gartling 2023 75cl"
pascal-jolivet-blanc-fume-2023-75cl.png,white_wine,"Pascal Jolivet Blanc Fume 2023 75cl"
pascal-jolivet-blanc-fume-2023-75cl-2.png,white_wine,"Pascal Jolivet Blanc Fume 2023 75cl *"
pascal-jolivet-edition-no3-2023-75cl.png,white_wine,"Pascal Jolivet Edition No3 2023 75cl"
pascal-jolivet-sancere-blanc-2025-75cl.png,white_wine,"Pascal Jolivet Sancere Blanc 2025 75cl"
santa-margherita-pinot-gricio-valdadige-2025-75cl.png,white_wine,"Santa Margherita Pinot Gricio Valdadige 2025 75cl"
two-rivers-black-cottage-sauvignon-blanc-2024-75cl.png,white_wine,"Two Rivers Black Cottage Sauvignon Blanc 2024 75cl"
two-rivers-black-cottage-sauvignon-blanc-2025-75cl.png,white_wine,"Two Rivers Black Cottage Sauvignon Blanc 2025 75cl *"
villa-noria-levin-0-chardonnay-2025-75cl.png,white_wine,"Villa Noria Levin 0% Chardonnay 2025 75cl *"
zafeirakis-assyrtiko-2024-75cl.png,white_wine,"Zafeirakis Assyrtiko 2024 75cl"
zafeirakis-chardonnay-foothills-2022-bio-75cl.png,white_wine,"Zafeirakis Chardonnay Foothills 2022 Bio 75cl"
zafeirakis-chardonnay-logos-2025-75cl.png,white_wine,"Zafeirakis Chardonnay Logos 2025 75cl"
zafeirakis-malagousia-2025-75cl.png,white_wine,"Zafeirakis Malagousia 2025 75cl"
zafeirakis-malagousia-2025-75cl-2.png,white_wine,"Zafeirakis Malagousia 2025 75cl *"
zafeirakis-malagousia-microcosmos-bio-2024-75cl.png,white_wine,"Zafeirakis Malagousia Microcosmos Bio 2024 75cl"
zuccardi-los-olivos-chardonnay-2021-75cl.png,white_wine,"Zuccardi Los Olivos Chardonnay 2021 75cl"
ballechin-10y.png,spirits,"Ballechin 10y"
four-roses-single-barrel.png,spirits,"Four Roses Single Barrel"
gordons-macphail-miltondoff-distillery-10y.png,spirits,"Gordons & Macphail Miltondoff Distillery 10y"
gordons-macphail-tomatin-distellery.png,spirits,"Gordons & Macphail Tomatin Distellery"
nikka-from-the-barrel.png,spirits,"Nikka From The barrel"
signatory-the-cigar-reserva-16y.png,spirits,"Signatory The Cigar Reserva 16y"
the-glenallache-12y.png,spirits,"The GlenAllache 12y"
sarriegui-espelette-pepper-potato-crisps.png,snacks,"Sarriegui Espelette Pepper Potato Crisps"
sarriegui-iberian-ham-potato-crisps.png,snacks,"Sarriegui Iberian Ham Potato Crisps"
sarriegui-lemon-pepper-potato-crisps.png,snacks,"Sarriegui Lemon & Pepper Potato Crisps"
tartuflanghe-no18-egg-pasta-tagliolini-with-truffle-250g.png,snacks,"Tartuflanghe No18 Egg Pasta Tagliolini With Truffle 250g"
tartuflanghe-no19-egg-pasta-tagliatelle-with-truffle-250g.png,snacks,"Tartuflanghe No19 Egg Pasta Tagliatelle With Truffle 250g"
tartuflanghe-oil-with-black-winter-truffle-100ml.png,snacks,"Tartuflanghe Oil With Black Winter Truffle 100ml"
tartuflanghe-truffle-hazelnuts-50g.png,snacks,"Tartuflanghe Truffle Hazelnuts 50g"
tartuflanghe-truffle-potato-crisps.png,snacks,"Tartuflanghe Truffle Potato Crisps"
tartuflanghe-white-truffle-mayo-85g.png,snacks,"Tartuflanghe White Truffle Mayo 85g"
tartuflanghe-white-truffle-salt-30g.png,snacks,"Tartuflanghe White Truffle Salt 30g"
tea-route-blacan-memories-green-tea-ginger-chili-100g.png,snacks,"Tea Route Blacan Memories (green Tea, Ginger, Chili) 100g"
tea-route-gunpowder-green-tea-100g.png,snacks,"Tea Route Gunpowder Green Tea 100g"
tea-route-jasmine-chung-hao-100g.png,snacks,"Tea Route Jasmine Chung Hao 100g"
tea-route-milky-oolong-fujian-100g.png,snacks,"Tea Route Milky Oolong Fujian 100g"
tea-route-olympos-detox-bio-100g.png,snacks,"Tea Route Olympos Detox Bio 100g"
tea-route-red-square-100g.png,snacks,"Tea Route Red Square 100g"
tea-route-relax-tea-valerian-camomile-lavender-100g.png,snacks,"Tea Route Relax Tea (valerian, Camomile, Lavender) 100g"
tea-route-rooibos-aphaea-100g.png,snacks,"Tea Route Rooibos Aphaea 100g"
tea-route-winter-health-ginger-echinacea-cardamom-100g.png,snacks,"Tea Route Winter Health (ginger, Echinacea, Cardamom) 100g"
tea-route-yuzu-melon-100g.png,snacks,"Tea Route Yuzu Melon 100g"
tribe-coffee-roasters-brazil-coffee-1kg.png,snacks,"Tribe Coffee Roasters Brazil Coffee 1kg"
tribe-coffee-roasters-brazil-coffee-250g.png,snacks,"Tribe Coffee Roasters Brazil Coffee 250g"
tribe-coffee-roasters-costa-rica-coffee-250g.png,snacks,"Tribe Coffee Roasters Costa Rica Coffee 250g"
tribe-coffee-roasters-decaf-coffee-250g.png,snacks,"Tribe Coffee Roasters Decaf Coffee 250g"
tribe-coffee-roasters-ethiopia-coffee-1kg.png,snacks,"Tribe Coffee Roasters Ethiopia Coffee 1kg"
tribe-coffee-roasters-ethiopia-coffee-250g.png,snacks,"Tribe Coffee Roasters Ethiopia Coffee 250g"
tribe-coffee-roasters-excelencia-coffee-1kg.png,snacks,"Tribe Coffee Roasters Excelencia Coffee 1kg"
tribe-coffee-roasters-excelencia-coffee-250g.png,snacks,"Tribe Coffee Roasters Excelencia Coffee 250g"
tribe-coffee-roasters-premium-1kg.png,snacks,"Tribe Coffee Roasters Premium 1kg"
venchi-69-dark-chocolate-crisp-bar-70g.png,snacks,"Venchi 69% Dark Chocolate Crisp Bar 70g"
venchi-75-dark-chocoviar-200g.png,snacks,"Venchi 75% Dark Chocoviar 200g"
venchi-75-extra-dark-chocolate-bar-78g.png,snacks,"Venchi 75% Extra Dark Chocolate Bar 78g"
venchi-75-extra-dark-chocolate-bar-no-added-sugar-70g.png,snacks,"Venchi 75% Extra Dark Chocolate Bar No Added Sugar 70g"
venchi-chocoviar-mini-book-115g.png,snacks,"Venchi Chocoviar Mini Book 115g"
venchi-chocoviar-pistachio-200g.png,snacks,"Venchi Chocoviar Pistachio 200g"
venchi-cuba-chocolate-nougatine-cigar-100g.png,snacks,"Venchi Cuba Chocolate Nougatine Cigar 100g"
venchi-cuba-pistachio-cigar-100g.png,snacks,"Venchi Cuba Pistachio Cigar 100g"
venchi-dark-chocolate-with-hazelnuts-bar-95g.png,snacks,"Venchi Dark Chocolate With Hazelnuts Bar 95g"
venchi-dark-chocolate-with-hazelnuts-bar-no-added-sugar-100g.png,snacks,"Venchi Dark Chocolate With Hazelnuts Bar No Added Sugar 100g"
venchi-hazelnut-cocoa-spread-200g.png,snacks,"Venchi Hazelnut & Cocoa Spread 200g"
venchi-milk-chocolate-bar-78g.png,snacks,"Venchi Milk Chocolate Bar 78g"
venchi-milk-chocolate-bar-no-added-sugar-bar-70g.png,snacks,"Venchi Milk Chocolate Bar No Added Sugar Bar 70g"
venchi-milk-gianduia-with-hazelnuts-bar-95g.png,snacks,"Venchi Milk Gianduia With Hazelnuts Bar 95g"
venchi-pistachio-gourmet-bar-95g.png,snacks,"Venchi Pistachio Gourmet Bar 95g"
venchi-pistachio-spread-200g.png,snacks,"Venchi Pistachio Spread 200g"
venchi-pralines-gift-box-112g.png,snacks,"Venchi Pralines Gift Box 112g"
venchi-soft-milk-gianduia-with-hazelnuts-200g.png,snacks,"Venchi Soft Milk Gianduia With Hazelnuts 200g"
venchi-stracciatella-chocoviar-200g.png,snacks,"Venchi Stracciatella Chocoviar 200g"
venchi-tiramisu-chocolate-bar-110g.png,snacks,"Venchi Tiramisu Chocolate Bar 110g"
venchi-white-chocolate-bar-78g.png,snacks,"Venchi White Chocolate Bar 78g"
venchi-white-chocolate-with-salted-nuts-bar-95g.png,snacks,"Venchi White Chocolate With Salted Nuts Bar 95g"
